{"cameraMode":{"drawMode":0,"name":"Shaded","section":"Shading Mode"},"sceneLighting":false,"audioPlay":false,"sceneViewState":{"m_AlwaysRefresh":false,"showFog":true,"showSkybox":false,"showFlares":true,"showImageEffects":true,"showParticleSystems":true,"showVisualEffectGraphs":true,"m_FxEnabled":true},"in2DMode":false,"pivot":{"x":-26.299999237060548,"y":2.882479190826416,"z":-0.0002338886260986328},"rotation":{"x":0.04324442893266678,"y":-0.9373366832733154,"z":0.12588322162628175,"w":0.3220021724700928},"size":4.090060234069824,"orthographic":false}