{"cameraMode":{"drawMode":0,"name":"Shaded","section":"Shading Mode"},"sceneLighting":true,"audioPlay":false,"sceneViewState":{"m_AlwaysRefresh":false,"showFog":true,"showSkybox":true,"showFlares":true,"showImageEffects":true,"showParticleSystems":true,"showVisualEffectGraphs":true,"m_FxEnabled":true},"in2DMode":false,"pivot":{"x":-7.6288604736328129,"y":17.21141815185547,"z":-59.39143371582031},"rotation":{"x":0.20252780616283418,"y":-0.16653554141521455,"z":0.03497384861111641,"w":0.9643803238868713},"size":59.555763244628909,"orthographic":true}