{"cameraMode":{"drawMode":0,"name":"Shaded","section":"Shading Mode"},"sceneLighting":true,"audioPlay":false,"sceneViewState":{"m_AlwaysRefresh":false,"showFog":true,"showSkybox":true,"showFlares":true,"showImageEffects":true,"showParticleSystems":true,"showVisualEffectGraphs":true,"m_FxEnabled":true},"in2DMode":false,"pivot":{"x":-183.1850128173828,"y":4.437936305999756,"z":-0.00023365020751953125},"rotation":{"x":0.16757670044898988,"y":-0.302167147397995,"z":0.05404926836490631,"w":0.9368530511856079},"size":77.23918151855469,"orthographic":true}